country,1960,1961,1962,1963,1964,1965,1966,1967,1968,1969,1970,1971,1972,1973,1974,1975,1976,1977,1978,1979,1980,1981,1982,1983,1984,1985,1986,1987,1988,1989,1990,1991,1992,1993,1994,1995,1996,1997,1998,1999,2000,2001,2002,2003,2004,2005,2006,2007,2008,2009,2010,2011,2012,2013,2014,2015,2016,2017,2018,2019
Afghanistan,,,,,,,,,,,,,,,,,,,,,,,,,,,,,,,,,,,,,,,,,,,330,343,333,357,365,406,412,488,543,529,576,588,584,574,571,572,568,571
Albania,,,,,,,,,,,,,,,,,,,,,1990,2060,2080,2060,1990,1990,2060,2000,1940,2070,1840,1330,1240,1370,1490,1700,1870,1680,1840,2090,2240,2450,2570,2730,2890,3060,3260,3490,3780,3930,4090,4210,4280,4330,4410,4520,4680,4860,5070,5210
Algeria,2480,2090,1640,2150,2210,2290,2120,2260,2430,2560,2710,2340,2900,2930,3060,3120,3290,3370,3570,3730,3640,3640,3750,3830,3930,3950,3850,3720,3580,3640,3570,3440,3420,3280,3180,3240,3320,3300,3410,3470,3560,3620,3770,3990,4110,4290,4300,4380,4410,4400,4480,4520,4590,4620,4700,4780,4830,4790,4760,4710
Andorra,,,,,,,,,,,41700,41400,42600,43700,44200,42700,42600,42500,41900,40600,40100,38500,37400,36400,35500,34700,34400,34800,35200,35500,35400,34900,33900,32400,32300,32600,33800,36900,38200,39600,40400,42400,42600,44300,46000,46900,47800,47600,44300,41700,40900,41200,39800,39100,40900,42100,44100,44400,45100,45900
Angola,,,,,,,,,,,,,,,,,,,,,3180,2930,2830,2850,2910,2910,2890,2900,2980,2880,2690,2620,2390,1760,1730,1920,2110,2200,2230,2200,2200,2210,2430,2420,2600,2880,3100,3410,3650,3550,3590,3580,3750,3800,3840,3750,3530,3410,3230,3100
Antigua and Barbuda,,,,,,,,,,,,,,,,,,5200,5440,5880,6370,6620,6620,6970,7680,8270,9220,9840,10300,10800,11100,11200,11100,11500,12000,11200,11700,12100,12400,12600,13200,12300,12300,12900,13400,14100,15700,16800,16600,14300,13000,12600,12900,12600,13000,13300,13900,14200,15100,15700
Argentina,5640,5850,5710,5320,5770,6290,6150,6260,6460,6980,7080,7370,7370,7450,7740,7620,7350,7740,7290,7910,7910,7380,7210,7400,7400,6900,7210,7290,7100,6500,6250,6720,7160,7640,7990,7670,7990,8540,8770,8380,8220,7780,6850,7380,7960,8580,9170,9900,10200,9500,10400,10900,10600,10800,10400,10600,10200,10400,10000,9730
Armenia,,,,,,,,,,,,,,,,,,,,,,,,,,,,,,,1800,1600,948,885,956,1040,1120,1170,1270,1320,1400,1550,1760,2020,2240,2570,2930,3360,3630,3140,3220,3370,3600,3710,3820,3920,3920,4200,4410,4730
Australia,19400,19500,19200,20100,21000,21900,21900,23000,23700,24900,26100,26300,26800,27100,27500,27500,27900,28600,28500,29400,29900,30400,30900,29900,30900,32000,32800,33100,34500,35200,35900,35300,35000,36100,37100,38100,39100,40200,41600,43200,44300,44600,45800,46600,47900,48800,49400,51000,51800,51800,52000,52600,53700,54100,54700,55100,55700,56100,56900,57100
Austria,13000,13700,14000,14400,15200,15600,16400,16800,17400,18500,19600,20500,21600,22600,23400,23400,24500,25700,25700,27100,27600,27500,28000,28900,28900,29600,30300,30700,31600,32700,33900,34700,35000,34900,35600,36500,37300,38100,39400,40700,42000,42400,42900,43100,44000,44600,46000,47500,48100,46100,46900,48100,48200,47900,47800,47800,48300,49100,50100,50700
Azerbaijan,,,,,,,,,,,,,,,,,,,,,,,,,,,,,,,3170,3100,2360,1790,1420,1230,1240,1300,1410,1510,1660,1810,1960,2150,2330,2950,3920,4860,5270,5640,5840,5680,5720,5980,6070,6060,5810,5760,5800,5880
Bahamas,17700,18700,19600,20600,21700,22900,23900,25100,26200,27500,25200,24900,23500,24800,20200,16900,17400,18600,20800,25600,26700,23700,24700,25100,28000,28800,28800,29100,29300,30700,29700,27900,26300,25900,26300,27000,27800,28000,29000,30700,31600,31900,32200,31300,31000,31400,31600,31500,30200,28400,28400,28200,28800,27700,27600,27500,27400,27100,27300,27500
Bahrain,,,,,,,,,,,,,,,,,,,,,21200,19300,17300,17900,18300,16900,16600,17700,18200,17700,17900,19400,20200,22200,21600,21900,22200,22300,22600,22800,23000,22400,22000,22100,22100,22100,21800,21800,21600,20800,20700,20500,20900,21800,22400,22400,22300,22100,21500,20900
Bangladesh,372,384,394,381,411,405,402,382,406,399,411,381,322,328,354,333,344,344,359,366,359,375,374,378,386,389,394,399,398,399,411,416,429,439,447,460,470,481,496,508,525,541,552,568,588,618,650,687,720,748,781,822,866,907,951,1000,1060,1130,1200,1290
Barbados,,,,,,,,,,,,,,,11200,10900,11300,11600,12100,13000,13600,13300,12600,12600,13000,13100,13700,14000,14500,14900,14400,13800,13000,13000,13200,13400,13900,14500,15000,15000,15600,15100,15200,15500,15700,16200,17100,17400,17400,16500,16100,15900,15800,15500,15500,15800,16200,16300,16100,16100
Belarus,,,,,,,,,,,,,,,,,,,,,,,,,,,,,,,3100,3060,2760,2550,2250,2020,2090,2340,2540,2640,2810,2960,3130,3370,3780,4160,4610,5030,5560,5580,6030,6370,6480,6540,6650,6380,6220,6380,6590,6680
Belgium,13000,13600,14300,14800,15700,16100,16500,17000,17700,18800,19800,20600,21600,22900,23800,23300,24600,24700,25400,25900,27100,27000,27200,27200,27900,28400,28900,29500,30800,31800,32700,33100,33500,33100,34000,34800,35200,36400,37000,38300,39600,39900,40400,40600,41900,42600,43400,44700,44600,43300,44100,44300,44400,44400,44900,45500,45900,46600,47100,47500
Belize,1080,1100,1120,1150,1170,1190,1210,1230,1290,1320,1350,1370,1480,1530,1720,1750,1730,1810,1930,2040,2270,2240,2180,2080,2060,2020,2050,2210,2360,2610,2840,3110,3430,3580,3510,3450,3390,3380,3380,3540,3860,3920,3990,4250,4340,4310,4400,4310,4350,4250,4270,4250,4250,4210,4270,4300,4220,4210,4220,4150
Benin,712,724,689,710,745,770,783,776,790,796,795,766,798,809,816,758,746,763,753,781,812,869,864,803,843,880,874,836,839,790,834,840,835,854,842,863,873,895,904,924,950,971,985,989,1000,989,999,1030,1050,1040,1040,1040,1060,1100,1140,1130,1130,1170,1210,1260
Bhutan,,,,,,,,,,,,,,,,,,,,,390,432,436,473,482,488,529,659,671,704,768,759,794,813,854,910,948,981,1020,1070,1120,1190,1290,1370,1420,1500,1590,1860,1930,2040,2260,2410,2500,2530,2640,2780,2970,3070,3130,
Bolivia,1010,1010,1040,1090,1110,1140,1200,1250,1330,1360,1400,1440,1520,1570,1580,1660,1700,1750,1740,1710,1650,1620,1520,1430,1400,1350,1290,1290,1300,1320,1360,1400,1390,1420,1460,1490,1530,1570,1620,1590,1600,1600,1610,1620,1660,1700,1750,1800,1880,1910,1960,2020,2090,2200,2290,2360,2430,2490,2560,2580
Bosnia and Herzegovina,,,,,,,,,,,,,,,,,,,,,,,,,,,,,,,,,,,701,871,1670,2270,2620,2870,3020,3150,3310,3440,3650,3970,4180,4430,4680,4560,4640,4730,4770,4970,5120,5360,5600,5770,6040,6240
Botswana,408,425,444,460,480,497,518,537,581,653,745,910,1110,1310,1370,1440,1530,1650,1810,1950,2110,2220,2410,2630,2760,2850,2970,3190,3670,4000,4130,4310,4310,4280,4330,4530,4680,4950,4860,5210,5210,5130,5340,5490,5540,5690,6040,6400,6660,6030,6430,6730,6940,7650,7860,7610,7800,7860,8030,8090
Brazil,3420,3660,3740,3660,3690,3690,3740,3820,4150,4440,4700,5110,5590,6220,6620,6810,7300,7450,7510,7840,8350,7800,7660,7230,7440,7860,8320,8450,8280,8390,7980,7960,7790,8020,8310,8540,8590,8740,8640,8550,8800,8800,8950,8940,9350,9540,9810,10300,10700,10600,11300,11600,11700,12000,12000,11400,11000,11000,11100,11100
Brunei,,,,,,,,,,,,,,,45600,43900,50700,54200,55800,66000,59400,46200,46600,45500,44500,42600,40300,39900,39300,37700,37100,37200,37800,36900,37100,37700,37800,36400,35400,35700,35900,36200,36800,37200,36800,36300,37400,37000,35800,34800,35300,36100,36000,34700,33400,32900,31700,31800,31400,32300
Bulgaria,,,,,,,,,,,,,,,,,,,,,3650,3820,3900,4020,4150,4260,4440,4700,5210,5100,4710,4360,4090,4060,4150,4280,4530,3910,4100,3780,3980,4220,4570,4840,5190,5610,6030,6480,6920,6730,6810,7010,7080,7140,7320,7660,8010,8350,8670,9030
Burkina Faso,269,276,289,281,284,290,287,307,312,313,308,306,308,304,323,327,348,342,351,356,351,357,382,374,358,378,398,387,399,397,384,408,398,401,395,406,439,454,473,494,489,507,514,538,546,576,594,600,616,616,648,670,692,711,720,727,748,771,801,822
Burundi,213,181,193,197,205,209,213,237,230,221,264,267,247,262,257,255,270,294,284,282,277,303,292,295,288,313,314,322,329,325,328,337,333,306,289,262,238,232,241,235,229,229,232,223,226,221,226,226,229,230,234,236,239,243,245,228,220,214,211,208
Cambodia,,,,,,,,,,,,,,,,,,,,,,,,,,,,,,,,,,510,321,342,351,355,362,398,431,454,475,507,550,613,669,726,764,753,786,828,874,923,973,1020,1080,1140,1200,1270
Cameroon,957,949,957,971,984,981,1000,872,905,926,931,939,939,963,1040,1120,1030,1140,1350,1390,1320,1500,1570,1620,1690,1770,1830,1740,1550,1480,1340,1250,1180,1060,1050,1060,1070,1100,1120,1140,1150,1170,1180,1200,1250,1240,1250,1280,1290,1280,1290,1300,1330,1360,1400,1440,1470,1480,1500,1520
Canada,,,,,,,,,,,22800,23100,24100,25400,25900,25800,27000,27600,28300,29100,29400,30000,28700,29200,30600,31800,32100,33000,34000,34200,33700,32600,32500,33000,34100,34700,34900,36000,36700,37800,39300,39500,40400,41500,42800,44500,45900,48500,48500,46500,47400,48500,48800,49400,50300,50300,50200,51200,51500,51600
Cape Verde,,,,,,,,,,,,,,,,,,,,,680,726,732,786,800,853,864,889,929,966,953,943,1020,1080,1250,1390,1510,1640,1810,1970,2220,2230,2300,2360,2570,2710,2880,3280,3460,3370,3380,3470,3460,3450,3420,3410,3530,3620,3740,3910
Central African Republic,600,619,586,572,573,568,560,574,570,599,602,599,590,593,621,612,633,643,636,605,563,538,562,501,533,540,547,510,510,510,489,474,431,420,428,447,418,429,438,444,423,432,438,406,422,418,429,440,441,472,488,505,529,335,334,347,360,371,379,384
Chad,697,693,716,691,660,652,628,621,607,636,635,607,599,536,550,586,592,593,579,446,411,406,418,472,470,557,519,491,549,557,517,544,569,464,495,485,479,489,505,484,462,497,519,573,737,834,810,809,806,813,893,864,909,929,961,957,869,818,812,814
Chile,3610,3720,3790,3940,3960,3920,4280,4360,4440,4540,4550,4900,4770,4460,4500,3860,3940,4290,4550,4860,5170,5430,4770,4470,4580,4700,4880,5110,5400,5840,5930,6290,6880,7210,7460,8000,8430,8930,9200,9050,9420,9620,9810,10100,10700,11200,11800,12300,12600,12200,12800,13500,14000,14500,14600,14700,14800,14700,15100,15100
China,192,141,132,142,164,187,202,185,173,197,229,238,241,254,254,272,263,280,307,326,347,360,387,423,480,538,577,634,694,712,729,786,887,998,1120,1220,1330,1440,1540,1640,1770,1900,2060,2250,2470,2730,3060,3480,3800,4130,4550,4960,5330,5710,6100,6500,6910,7350,7810,8250
Colombia,2340,2380,2430,2440,2510,2520,2580,2610,2690,2780,2880,2980,3130,3270,3380,3390,3470,3530,3750,3860,3930,3930,3890,3860,3910,3950,4090,4220,4310,4370,4470,4470,4560,4710,4890,5060,5070,5150,5090,4800,4860,4870,4910,5030,5230,5400,5690,6000,6130,6130,6340,6710,6910,7200,7450,7580,7630,7620,7700,7840
Comoros,,,,,,,,,,,,,,,,,,,,,1400,1410,1460,1490,1510,1500,1480,1460,1460,1370,1400,1290,1360,1360,1250,1260,1210,1220,1210,1200,1300,1290,1290,1290,1280,1290,1290,1270,1290,1300,1320,1340,1350,1370,1370,1350,1370,1390,1400,1410
"Congo, Dem. Rep.",1040,903,1070,1090,1040,1020,1060,1020,1030,1100,1070,1100,1070,1130,1130,1050,965,945,869,849,845,843,818,810,834,816,832,832,812,777,702,620,534,444,411,401,386,356,342,320,290,276,276,283,292,301,307,315,324,322,334,345,358,375,397,411,407,409,419,424
"Congo, Rep.",1460,1540,1580,1480,1500,1510,1490,1480,1550,1620,1680,1760,1850,1950,2040,2130,2090,1850,1910,2040,2330,2660,3190,3280,3410,3280,2970,2890,2870,2860,2810,2800,2800,2690,2480,2500,2540,2450,2470,2340,2440,2460,2500,2450,2460,2570,2640,2510,2560,2670,2810,2830,2860,2890,3010,3010,2850,2730,2710,2610
Costa Rica,2910,2860,2900,2990,2990,3130,3240,3320,3500,3590,3750,3910,4120,4330,4460,4440,4570,4850,5010,5120,5020,4780,4310,4320,4540,4450,4570,4670,4700,4840,4880,4870,5180,5400,5500,5590,5530,5700,5960,6060,6170,6270,6380,6550,6730,6890,7290,7780,8030,7850,8140,8390,8690,8790,8990,9220,9510,9780,9940,10000
Cote d'Ivoire,1230,1300,1270,1400,1580,1470,1590,1600,1740,1830,1940,2030,2030,2050,2040,2110,2270,2330,2470,2420,2060,2040,1960,1800,1680,1690,1680,1610,1570,1560,1490,1440,1390,1330,1300,1350,1410,1410,1440,1420,1360,1330,1280,1230,1220,1220,1210,1200,1210,1220,1210,1130,1220,1300,1380,1460,1530,1600,1670,1740
Croatia,,,,,,,,,,,,,,,,,,,,,,,,,,,,,,,,,,,,8570,9190,9860,10100,10000,10500,11200,11800,12500,13000,13500,14200,14900,15200,14100,13900,13900,13700,13600,13700,14100,14700,15400,15900,16500
Cuba,,,,,,,,,,,2250,2400,2470,2510,2500,2700,2820,3030,3210,3220,3040,3620,3930,4130,4430,4470,4440,4290,4400,4390,4220,3740,3290,2790,2790,2850,3060,3130,3120,3300,3480,3580,3620,3750,3960,4390,4920,5290,5510,5600,5730,5890,6050,6200,6260,6520,6550,6670,6820,
Cyprus,,,,,,,,,,,,,,,,7360,8920,10400,11100,12200,12700,12800,13400,14100,15100,15700,16000,17000,18300,19400,20400,20100,21400,21000,21800,23200,23100,23400,24500,25500,26700,27400,28100,28500,29600,30600,31500,32400,32700,31200,31000,30400,28900,27000,26800,27900,29600,30700,31500,32100
Czech Republic,,,,,,,,,,,,,,,,,,,,,,,,,,,,,,,14000,12400,12300,12300,12700,13500,14000,14000,13900,14200,14800,15300,15600,16100,16900,18000,19200,20200,20500,19400,19800,20100,19900,19800,20300,21400,21900,22800,23300,23800
Denmark,20500,21700,22700,22700,24600,25500,26000,27300,28600,30300,30500,31200,32300,33400,32900,32300,34100,34700,35300,36600,36400,36100,37500,38500,40100,41700,43700,43800,43700,44000,44600,45100,45800,45700,47900,49100,50300,51700,52600,54000,55900,56100,56200,56300,57600,58800,60900,61200,60500,57200,58000,58600,58500,58800,59400,60400,61900,62700,63900,65100
Djibouti,,,,,,,,,,,,,,,,,,,,,,,,,,,,,,,,,,,,,,,,,,,,,,,,,,,1340,,,,,,,,,
Dominica,,,,,,,,,,,,,,,,,,2620,2860,2320,2610,2900,3030,3130,3290,3360,3630,3900,4240,4260,4510,4580,4660,4740,4730,4870,5030,5160,5390,5440,5580,5570,5400,5720,5880,5900,6160,6540,7010,6920,6970,6950,6870,6800,7090,6890,7060,6560,6690,7060
Dominican Republic,1320,1250,1420,1460,1510,1280,1410,1410,1370,1480,1700,1830,1970,2160,2230,2290,2380,2440,2430,2480,2620,2670,2660,2720,2700,2590,2630,2830,2840,2910,2700,2670,2910,3070,3100,3210,3350,3590,3770,3930,4050,4090,4210,4100,4140,4470,4820,5110,5210,5190,5560,5660,5750,5960,6300,6660,7030,7270,7700,8010
Ecuador,2240,2290,2330,2310,2410,2420,2340,2380,2360,2400,2490,2570,2620,2900,3140,3390,3540,3500,3610,3640,3680,3790,3720,3610,3610,3660,3700,3600,3720,3670,3720,3790,3780,3770,3840,3840,3830,3910,3950,3690,3660,3740,3830,3870,4110,4260,4370,4390,4600,4550,4630,4920,5120,5300,5410,5330,5180,5210,5180,5100
Egypt,578,592,599,644,699,715,732,719,689,708,730,743,748,758,753,803,889,947,1010,1030,1100,1150,1240,1270,1350,1400,1420,1440,1480,1510,1560,1540,1570,1590,1620,1660,1710,1760,1830,1900,1980,2010,2020,2050,2090,2150,2250,2370,2500,2570,2640,2640,2630,2630,2650,2700,2760,2820,2910,3010
El Salvador,,,,,,2360,2460,2520,2530,2550,2550,2580,2670,2740,2810,2830,2910,3040,3140,2950,2560,2250,2080,2080,2080,2070,2040,2070,2080,2070,2140,2150,2260,2360,2440,2530,2520,2580,2620,2660,2670,2670,2700,2730,2740,2800,2910,2950,3010,2930,2980,3080,3160,3210,3250,3310,3380,3440,3510,3570
Equatorial Guinea,,,,,,,,,,,,,,,,,,,,,660,660,627,608,571,607,565,569,566,543,518,496,647,695,783,887,1420,3420,4060,4900,5560,8720,10000,10900,14400,16100,16600,18300,20500,19900,17300,17600,18300,16800,16100,14100,12400,11200,10100,9240
Eritrea,,,,,,,,,,,,,,,,,,,,,,,,,,,,,,,,,392,449,549,568,623,673,681,672,635,667,657,610,592,585,561,554,489,499,501,537,,,,,,,,
Estonia,,,,,,,,,,,,,,,,,,,,,,,,,,,,,,,,,,6740,6780,7210,7680,8780,9250,9180,10100,10700,11500,12500,13400,14800,16300,17600,16800,14400,14800,15900,16500,16800,17300,17600,18100,19100,19900,20700
Eswatini,,,,,,,,,,,1230,1350,1390,1470,1510,1670,1580,1550,1520,1510,1640,1820,1780,1740,1780,1790,1940,2150,2220,2420,2850,2820,2840,2860,2860,2940,2990,3030,3050,3100,3120,3130,3240,3360,3470,3660,3860,4010,4010,4040,4170,4230,4430,4570,4580,4650,4660,4710,4770,4820
Ethiopia,,,,,,,,,,,,,,,,,,,,,,229,224,236,222,191,203,224,218,210,208,187,164,179,179,184,200,200,188,192,197,208,205,195,215,234,252,273,295,312,342,369,390,419,449,483,514,548,571,602
Fiji,1770,1770,1780,1820,1850,1750,1710,1890,1990,2000,2210,2310,2430,2660,2670,2640,2660,2760,2760,3040,2930,3040,2780,2610,2760,2590,2770,2570,2590,2780,2930,2820,2960,2980,3090,3120,3240,3130,3140,3390,3320,3370,3470,3500,3680,3690,3730,3660,3660,3570,3650,3740,3780,3960,4180,4360,4450,4660,4800,4810
Finland,12200,13000,13300,13700,14300,15000,15300,15500,15800,17400,18300,18700,20000,21300,21800,22100,22200,22100,22700,24300,25500,25700,26400,27000,27800,28600,29300,30300,31800,33300,33400,31200,30000,29700,30700,31900,33000,34900,36800,38300,40400,41400,42000,42700,44300,45400,47000,49300,49400,45200,46500,47400,46500,45900,45600,45600,46800,48100,48800,49200
France,12700,13200,13900,14600,15300,15900,16600,17200,17900,19000,20000,20900,21600,22800,23700,23300,24200,24900,25800,26600,26900,27000,27600,27800,28000,28300,28800,29400,30600,31800,32500,32700,33000,32700,33300,33900,34300,35000,36100,37100,38300,38800,38900,39000,39800,40200,40900,41600,41500,40100,40600,41300,41300,41300,41500,41800,42100,43000,43700,44300
Gabon,4370,4960,5280,5530,5700,6080,6240,6370,6390,6760,7210,7800,8520,9220,12600,14700,19600,16700,12400,12200,12200,12500,11800,12200,12700,12100,11700,9410,10300,10900,11200,11500,10900,11000,11100,11400,11500,11800,11900,10600,10200,10100,9880,9860,9680,9680,9140,9410,8830,8550,8850,9140,9260,9420,9480,9520,9430,9210,9050,9130
Gambia,,,,,,,697,679,724,721,743,721,702,744,764,832,865,865,890,849,873,874,841,904,903,860,855,834,829,837,831,825,824,822,798,780,773,787,789,814,833,854,800,828,859,813,784,784,809,837,861,767,783,782,748,755,747,760,786,809
Georgia,,,,,,1870,1990,2100,2170,2250,2500,2530,2580,2720,2940,3130,3300,3500,3740,3980,4130,4310,4360,4510,4720,4910,4460,4480,4690,4340,3700,2900,1580,1110,1010,1080,1240,1420,1500,1570,1630,1740,1850,2070,2200,2430,2670,3030,3110,3020,3230,3500,3750,3900,4070,4190,4300,4510,4730,4990
Germany,,,,,,,,,,,19700,20300,21000,22000,22200,22000,23200,24100,24800,25800,26100,26200,26200,26600,27500,28200,28800,29200,30100,31100,32400,33800,34200,33700,34400,34800,35000,35500,36300,36900,37900,38500,38400,38100,38500,38800,40400,41600,42100,39800,41500,44000,44100,44100,44900,45300,46000,46900,47500,47600
Ghana,1060,1060,1070,1080,1070,1060,985,991,972,1010,1080,1100,1050,1050,1090,931,879,882,939,897,881,828,749,694,731,746,762,776,796,813,816,835,842,858,862,874,891,905,924,942,953,967,986,1010,1040,1080,1120,1140,1210,1230,1300,1450,1540,1620,1630,1630,1640,1740,1810,1880
Greece,6260,7030,7010,7820,8520,9390,9930,10400,11100,12300,13400,14400,15700,16900,15800,16600,17500,17800,18800,19200,19100,18700,18400,18000,18300,18700,18700,18300,19000,19600,19400,19700,19700,19300,19600,19900,20400,21200,21900,22500,23300,24100,25000,26300,27600,27700,29200,30100,29900,28500,26900,24500,22800,22300,22600,22600,22700,23100,23500,24000
Grenada,,,,,,,,,,,,,,,,,,2940,3140,3340,3300,3290,3340,3350,3390,3540,3780,4160,4340,4560,4770,4830,4750,4610,4630,4690,4860,5080,5650,6020,6280,6130,6320,6890,6830,7710,7380,7820,7870,7330,7260,7270,7150,7270,7750,8190,8450,8780,9090,9330
Guatemala,1490,1510,1520,1610,1640,1670,1710,1730,1830,1870,1930,1990,2080,2170,2260,2250,2360,2490,2560,2610,2650,2590,2440,2310,2260,2180,2130,2140,2170,2190,2200,2220,2260,2290,2330,2380,2400,2440,2500,2540,2570,2570,2600,2610,2640,2670,2760,2870,2910,2870,2900,2970,3000,3060,3140,3210,3240,3290,3340,3410
Guinea,,,,,,,,,,,,,,,,,,,,,,,,,,,513,514,530,535,542,541,543,556,563,573,583,598,604,612,613,622,641,637,639,645,639,667,679,656,672,695,720,732,741,750,810,869,897,921
Guinea-Bissau,,,,,,,,,,,492,464,484,481,495,528,551,511,577,587,489,569,580,547,582,592,574,578,591,614,637,654,647,646,652,666,729,762,537,532,550,550,533,524,526,535,535,539,543,547,558,587,562,565,556,574,595,614,622,635
Guyana,1700,1730,1700,1450,1570,1700,1760,1800,1790,1890,1950,1980,1900,1900,2020,2170,2180,2100,2040,1990,2010,2040,1770,1660,1580,1630,1630,1660,1610,1540,1500,1590,1700,1820,1970,2060,2230,2370,2340,2430,2400,2460,2490,2480,2510,2460,2590,2770,2820,2920,3030,3180,3330,3480,3600,3690,3790,3850,3990,4160
Haiti,993,946,1000,963,929,931,908,872,883,900,889,931,925,952,990,984,1050,1060,1110,1170,1220,1160,1100,1080,1060,1040,1010,983,965,918,909,908,843,782,676,729,746,752,755,762,756,735,721,712,676,677,681,693,687,698,666,692,701,721,730,729,730,729,730,714
Honduras,1100,1090,1120,1120,1150,1220,1250,1290,1330,1300,1310,1320,1360,1420,1360,1350,1450,1550,1590,1630,1590,1520,1450,1420,1460,1500,1530,1590,1570,1560,1560,1470,1510,1570,1530,1570,1560,1580,1600,1540,1610,1610,1630,1660,1720,1780,1850,1920,1960,1870,1900,1940,1980,2000,2030,2070,2110,2180,2220,2240
Hungary,,,,,,,,,,,,,,,,,,,,,,,,,,,,,,,,8860,8590,8550,8810,8960,8980,9280,9670,9990,10500,10900,11500,12000,12600,13100,13700,13700,13900,13000,13100,13400,13300,13600,14200,14700,15100,15800,16600,17500
Iceland,,,,,,,,,,,16200,18200,19100,20000,20900,20800,21800,23500,24800,25700,26900,27700,28000,27000,27800,28500,30100,32300,31800,31400,31600,31100,29700,29800,30600,30500,31700,33200,35200,36200,37500,38400,38300,38900,41700,43600,44900,47800,47900,44500,43000,43700,44000,45400,45900,47500,50000,51000,51600,51300
India,330,336,339,352,370,353,345,365,369,385,396,394,382,386,382,407,404,424,438,405,423,438,443,464,471,485,497,505,542,562,581,576,595,611,639,675,712,727,758,810,827,852,869,922,979,1040,1110,1170,1190,1270,1360,1410,1470,1540,1640,1750,1880,1990,2090,2170
Indonesia,690,711,705,671,677,666,666,657,709,737,772,805,839,884,927,949,990,1050,1090,1150,1230,1300,1300,1320,1380,1390,1440,1480,1540,1620,1710,1790,1880,1970,2080,2220,2360,2430,2080,2070,2140,2190,2260,2340,2420,2520,2630,2760,2890,2980,3120,3270,3420,3560,3690,3820,3970,4120,4280,4450
Iran,2980,3240,3420,3580,3810,4350,4710,5120,5720,6480,7010,7810,8700,9190,9520,9020,10300,9540,7940,6860,4790,4370,5330,5560,4860,4770,4120,3990,3640,3730,4130,4540,4580,4560,4420,4460,4630,4590,4630,4610,4820,4790,5080,5450,5620,5740,5950,6370,6320,6310,6600,6700,6120,6040,6230,6070,6790,6950,,
Iraq,,,,,,,,,1450,1450,1470,1490,1500,1520,1700,1860,2100,2080,2360,2760,3350,3230,3250,2750,2640,2620,2680,2870,2810,2660,4090,1430,1850,2340,2350,2330,2510,2950,3850,4390,4320,4290,3880,2520,3790,3870,4180,4170,4440,4490,4660,4850,5320,5510,5340,5300,5930,5640,5480,5590
Ireland,,,,,,,,,,,12700,13000,13700,14100,14500,15000,15000,16000,16900,17200,17500,17900,18100,18000,18600,19200,19100,20000,21100,22400,24300,24600,25300,25800,27200,29700,31600,34700,37400,40800,44100,45700,47600,48200,50500,52300,53500,54700,51200,48100,48700,48700,48600,49000,52800,65400,67100,71800,76700,79700
Israel,8790,9460,9930,10600,11000,11600,11300,11100,12700,14000,14000,15000,16400,16600,17200,17400,17000,16800,17400,18000,17900,18500,18500,18800,18700,19100,19600,20700,20900,20700,21500,21800,22700,23000,24100,25000,25600,26000,26400,26500,27700,27100,26600,26400,27000,27500,28600,29700,30000,29600,30700,31600,31700,32400,33000,33100,33700,34200,34700,35300
Italy,10900,11700,12300,12900,13200,13500,14200,15100,16000,16900,17700,17900,18500,19600,20600,20000,21400,21800,22400,23700,24500,24700,24700,25000,25800,26500,27300,28200,29300,30300,30900,31300,31600,31300,31900,32900,33300,33900,34500,35000,36300,37000,37100,36900,37200,37300,37900,38300,37700,35500,36000,36200,35000,34000,33700,34000,34500,35100,35400,35600
Jamaica,,,,,,,3800,3820,3990,4150,4590,4630,5380,5000,4720,4630,4270,4100,4050,3960,3680,3720,3730,3740,3630,3480,3510,3760,3880,4140,4280,4460,4500,4880,4900,4970,4910,4810,4650,4660,4660,4690,4750,4890,4930,4940,5060,5110,5040,4800,4700,4760,4700,4700,4700,4720,4760,4790,4860,4870
Japan,8610,9400,10100,10900,12000,12600,13800,15200,17100,18800,18700,19300,20700,22100,21500,21800,22500,23200,24200,25300,25900,26700,27400,28200,29300,30600,31500,32800,34900,36400,38100,39300,39500,39200,39400,40400,41500,41900,41300,41100,42200,42200,42200,42700,43700,44400,45000,45700,45200,42700,44500,44500,45300,46200,46500,47100,47400,48500,48800,49200
Jordan,,,,,,,,,,,,,,,,1680,2040,2110,2490,2640,3040,3070,3170,3110,3240,3220,3310,3280,3100,2570,2470,2390,2680,2650,2650,2710,2680,2700,2730,2770,2840,2930,3050,3100,3280,3430,3570,3700,3790,3800,3690,3590,3490,3410,3350,3310,3270,3260,3270,3280
Kazakhstan,,,,,,,,,,,,,,,,,,,,,,,,,,,,,,,5890,5210,4940,4510,4000,3740,3810,3940,3930,4080,4490,5110,5610,6110,6650,7230,7920,8520,8700,8570,9070,9600,9920,10400,10600,10600,10600,10900,11200,11500
Kenya,537,480,509,537,545,538,598,597,623,650,598,705,797,813,815,792,779,822,846,876,890,889,868,846,829,832,860,879,901,911,917,900,865,841,837,848,858,838,841,837,820,828,810,811,830,855,886,921,898,902,952,983,1000,1030,1060,1090,1130,1160,1200,1240
Kiribati,,,,,,,,,,,2390,2300,2540,3030,4340,4500,3250,3050,3040,2650,2180,2080,2190,2150,2210,2020,1960,1730,1840,1730,1680,1650,1640,1640,1650,1620,1630,1630,1700,1650,1720,1670,1700,1710,1650,1700,1660,1650,1580,1560,1520,1510,1560,1600,1570,1710,1770,1760,1780,1790
Kuwait,,,,,,,,,,,,,,,,,,,,,,,,,,,,,,,,,,,,41800,41500,40500,39200,36100,36100,35100,35600,41300,44800,48000,49300,49600,47900,41900,38600,39900,40300,38700,37200,36000,35900,33400,33100,32700
Kyrgyz Republic,,,,,,,,,,,,,,,,,,,,,,,,,,,932,944,1050,1060,1100,993,846,715,571,535,564,611,615,628,654,683,676,716,757,748,763,820,880,895,880,921,905,984,1000,1020,1040,1070,1090,1120
Lao,,,,,,,,,,,,,,,,,,,,,,,,,423,432,441,422,402,445,462,469,481,497,524,548,574,601,613,647,673,700,730,763,799,843,901,953,1010,1070,1140,1210,1290,1370,1460,1540,1620,1710,1790,1840
Latvia,,,,,,,,,,,,,,,,,,,,,,,,,,,,,,,,,,,,5140,5330,5870,6300,6530,6960,7500,8130,8900,9740,10900,12300,13700,13300,11600,11300,12300,13000,13400,13800,14300,14700,15400,16200,16700
Lebanon,,,,,,,,,,,,,,,,,,,,,,,,,,,,,4310,2440,3010,4310,4770,5000,5160,5300,5760,5750,5900,5780,5720,5720,5640,5550,5690,5680,5690,6210,6780,7400,7760,7450,7180,6980,6750,6490,6410,6370,6210,5860
Lesotho,262,262,296,321,341,342,333,362,352,350,350,359,350,432,468,394,426,504,579,579,547,536,545,541,557,558,571,563,598,619,642,672,702,711,738,747,774,789,790,785,810,838,846,890,910,946,990,1040,1110,1130,1140,1190,1270,1310,1340,1360,1420,1390,1370,1380
Liberia,,,,,,,,,,,,,,,,,,,,,,,,,,,,,,,,,,,,,,,,,614,610,618,424,427,438,458,482,496,502,513,538,565,597,586,571,548,548,541,516
Libya,,,,,,,,,,,,,,,,,,,,,,,,,,,,,,,,,,,,,,,,8780,8960,8670,8450,9400,9660,10600,11200,11700,11800,11600,12100,4540,10100,8650,6530,5900,5670,7090,8040,8120
Liechtenstein,,,,,,,,,,,,,,,,,,,,,,,,,,,,,,,,,,,,,,,,,,,,,,,,,,,141000,,,,,,,,,
Lithuania,,,,,,,,,,,,,,,,,,,,,,,,,,,,,,,,,,,,5320,5630,6150,6650,6630,6930,7440,8010,8920,9620,10500,11500,12900,13400,11500,12000,13000,13600,14300,14900,15400,15900,16900,17600,18400
Luxembourg,27100,27900,27900,28600,30500,29900,30000,30000,31200,34100,35500,36100,38000,40700,41800,38700,39500,40000,41600,42400,42600,42300,42700,44000,46700,47900,52400,54100,58300,63400,65900,70700,71000,73000,74800,74800,74800,78100,81800,87500,93500,94700,97300,97700,99800,101000,105000,112000,109000,102000,105000,105000,102000,104000,106000,108000,110000,109000,111000,111000
Madagascar,819,816,814,787,798,774,771,792,825,833,854,863,829,785,779,767,722,719,680,726,712,624,595,583,576,567,562,553,555,562,563,512,503,499,484,477,472,474,477,484,490,504,428,456,466,474,485,498,517,482,472,466,467,465,468,470,476,481,490,500
Malawi,238,251,246,237,237,263,290,304,290,299,293,332,343,342,357,368,375,382,406,411,401,371,371,375,382,383,362,347,337,325,332,353,325,355,318,367,387,392,396,397,393,364,361,373,383,385,393,419,438,461,479,488,483,494,508,508,506,513,515,524
Malaysia,1350,1410,1450,1510,1550,1620,1700,1720,1810,1850,1920,2060,2200,2400,2540,2500,2720,2860,2970,3170,3320,3460,3580,3720,3910,3770,3710,3790,4040,4280,4540,4840,5130,5500,5860,6280,6730,7040,6360,6590,7010,6890,7110,7370,7720,7970,8260,8610,8850,8560,9040,9370,9740,10100,10500,10900,11200,11700,12100,12500
Maldives,,,,,,,,,,,,,,,,,,,,,,,,,,,,,,,,,,,,4600,4860,5180,5470,5700,5800,5430,5670,6270,6470,5470,6730,7090,7570,6830,7080,7380,7250,7440,7620,7500,7630,7810,8030,8210
Mali,,,,,,,,341,349,345,361,364,379,367,355,389,435,454,440,477,448,445,404,403,394,465,471,464,491,504,482,528,498,501,506,497,518,530,555,571,555,622,622,658,648,668,676,677,686,696,710,711,685,680,708,730,749,766,778,793
Malta,,,,,,,,,,,3750,3840,4060,4240,4670,5540,6450,7200,7920,8670,9180,9420,9430,9240,9320,9400,9600,9930,10700,11400,12000,12500,12900,13300,14000,14800,15200,15900,16600,17300,18300,18300,18700,19100,19000,19600,19900,20600,21200,20500,21100,21300,21700,22400,23900,25900,26800,27800,28800,28900
Marshall Islands,,,,,,,,,,,,,,,,,,,,,,2260,2270,2510,2480,2220,2640,2750,2830,2680,2670,2610,2750,2880,3020,3260,2920,2730,2720,2680,2700,2840,2900,2790,2760,2790,2780,2840,2650,2680,2880,2850,2770,2860,2820,2860,2880,2980,3070,
Mauritania,,1380,1350,1290,1590,1800,1750,1760,1880,1840,2000,1980,1910,1770,1930,1770,1870,1780,1720,1750,1760,1770,1670,1690,1590,1590,1630,1620,1610,1640,1570,1560,1540,1590,1510,1610,1660,1560,1560,1570,1470,1420,1400,1460,1490,1570,1800,1720,1660,1620,1610,1630,1650,1670,1690,1730,1710,1720,1700,1760
Mauritius,,,,,,,,,,,,,,,,,2400,2520,2580,2630,2320,2420,2530,2510,2600,2760,3010,3250,3450,3580,3810,3930,4130,4290,4410,4560,4760,4970,5220,5290,5660,5810,5860,6160,6390,6460,6750,7100,7460,7680,8000,8310,8580,8850,9160,9480,9830,10200,10600,10900
Mexico,3910,3980,4040,4230,4590,4760,4900,5030,5330,5350,5520,5560,5840,6120,6290,6470,6570,6620,7030,7520,8020,8490,8250,7780,7870,7870,7470,7450,7390,7550,7790,7970,8100,8120,8370,7720,8110,8530,8840,8950,9250,9090,8960,8970,9190,9270,9550,9620,9590,8950,9270,9480,9690,9690,9840,10000,10200,10300,10400,10300
"Micronesia, Fed. Sts.",,,,,,,,,,,,,,,,,,,,,,,,,,,2320,2300,2300,2330,2360,2470,2510,2640,2580,2720,2610,2450,2530,2570,2710,2770,2790,2840,2760,2830,2850,2820,2770,2820,2890,2960,2880,2730,2630,2720,2710,2750,2730,
Moldova,,,,,,,,,,,,,,,,,,,,,,,,,,,,,,,,,,,,1620,1530,1560,1460,1410,1450,1540,1660,1780,1910,2060,2170,2240,2420,2270,2440,2580,2570,2800,2940,2950,3120,3320,3530,3720
Monaco,,,,,,,,,,,85800,89400,92200,96700,99400,97100,100000,102000,105000,108000,108000,108000,108000,108000,108000,108000,110000,112000,117000,122000,125000,125000,126000,123000,125000,127000,127000,128000,132000,135000,139000,140000,140000,140000,142000,144000,150000,171000,170000,149000,151000,159000,159000,172000,183000,190000,194000,186000,196000,
Mongolia,,,,,,,,,,,,,,,,,,,,,,1440,1520,1570,1620,1670,1770,1780,1830,1860,1760,1580,1420,1360,1380,1460,1480,1520,1560,1600,1600,1630,1690,1790,1960,2080,2230,2420,2600,2530,2640,3040,3350,3670,3880,3900,3870,4000,4210,4350
Montenegro,,,,,,,,,,,,,,,,,,,,,,,,,,,,,,,,,,,,,,5010,5280,4790,4950,4980,5060,5160,5380,5600,6070,6480,6930,6520,6680,6890,6700,6930,7050,7280,7490,7850,8250,8550
Morocco,,,,,,,815,875,939,995,1020,1050,1060,1070,1110,1170,1260,1310,1310,1340,1350,1300,1380,1360,1420,1470,1570,1540,1680,1700,1730,1820,1750,1700,1850,1730,1910,1860,1970,1960,1980,2100,2130,2240,2320,2360,2510,2570,2690,2770,2840,2950,3000,3090,3130,3220,3210,3310,3360,3400
Mozambique,,,,,,,,,,,,,,,,,,,,,238,244,222,183,169,169,164,189,205,217,216,221,200,213,218,215,232,251,270,294,289,315,334,347,364,377,402,421,440,455,471,492,514,535,558,579,584,589,591,587
Myanmar,153,151,154,170,157,170,158,145,159,160,164,167,167,162,167,169,176,182,190,195,206,214,222,227,233,235,228,215,187,191,194,190,206,216,229,242,255,266,278,304,342,377,418,471,531,598,671,747,819,899,979,1030,1090,1170,1260,1340,1400,1480,1570,1610
Namibia,,,,,,,,,,,,,,,,,,,,,4220,4170,4060,3890,3780,3680,3730,3720,3610,3550,3500,3680,3830,3680,3660,3720,3750,3830,3880,3940,4010,3990,4120,4230,4680,4720,4970,5140,5190,5110,5320,5490,5670,5880,6110,6270,6140,6010,5940,5770
Nauru,,,,,,,,,,,,,,,,,,,,,,,,,,,,,,,,,,,,,,,,,,,,,3960,3980,4230,3260,3970,4310,4750,5200,5670,7030,8130,8010,7930,7570,8140,8220
Nepal,266,267,268,268,284,275,289,280,276,283,284,275,278,271,282,280,286,288,294,294,281,297,302,286,306,318,325,323,340,347,354,367,372,376,396,400,411,422,426,437,455,469,463,474,490,500,511,522,548,568,592,612,643,671,711,732,730,779,818,859
Netherlands,16400,16200,17100,17500,18700,20000,20300,21100,22200,23400,24500,25300,25900,27100,27800,27600,28600,29100,29700,30100,30300,29800,29300,29800,30600,31200,31900,32300,33200,34500,35700,36300,36600,36800,37700,38700,39800,41400,43000,44900,46400,47200,47000,46800,47600,48400,50000,51800,52700,50500,51000,51500,50800,50600,51100,51900,52700,53900,55000,55700
New Zealand,,,,,,,,,,,20000,20400,21100,22300,23200,22300,22300,21400,21400,22000,22300,23200,23200,23700,24600,24800,25500,25500,25400,25300,25100,23700,23700,24900,25800,26700,27200,27400,27400,28700,29400,30200,31100,31800,32600,33300,33900,34600,33900,33600,33700,34200,34800,35400,36200,36800,37400,37700,38800,39000
Nicaragua,1510,1570,1690,1810,1960,2090,2090,2170,2130,2200,2160,2170,2150,2220,2450,2380,2420,2550,2280,1620,1650,1690,1630,1660,1590,1490,1440,1400,1200,1150,1130,1100,1080,1050,1060,1100,1150,1180,1200,1260,1290,1310,1300,1320,1370,1410,1450,1500,1530,1460,1500,1580,1660,1720,1780,1840,1900,1960,1860,1760
Niger,823,836,896,952,926,962,932,906,884,813,814,837,772,623,659,623,609,638,703,732,695,680,671,621,502,525,543,528,548,536,513,496,490,476,468,462,448,439,465,449,428,442,447,441,427,440,449,446,463,454,473,466,496,503,516,518,527,532,548,558
Nigeria,1370,1340,1370,1460,1500,1540,1440,1190,1150,1390,1700,1900,1920,1970,2130,1970,2090,2150,1960,2030,2060,1740,1580,1370,1320,1370,1330,1340,1400,1390,1520,1480,1510,1440,1380,1350,1370,1380,1380,1350,1380,1430,1610,1680,1790,1860,1920,1990,2070,2180,2290,2350,2380,2480,2560,2560,2460,2410,2400,2390
North Macedonia,,,,,,,,,,,,,,,,,,,,,,,,,,,,,,,3850,3620,3390,3150,3090,3060,3080,3110,3200,3320,3450,3330,3370,3440,3590,3760,3940,4190,4420,4400,4540,4650,4620,4750,4920,5110,5250,5300,5440,5630
Norway,23200,24400,24900,25700,26700,27900,28800,30300,30700,31900,32200,33800,35400,36700,37900,39600,41700,43200,44700,46500,48500,49100,49000,50800,53700,56600,58600,59400,58900,59300,60200,61800,63600,65100,68000,70400,73600,77000,78600,79600,81700,82900,83700,83900,86800,88400,89800,91600,90900,88200,87700,87400,88600,88400,89200,90000,90200,91500,92100,92600
Oman,,,,,,2290,2340,3790,6690,8150,8990,8760,9290,7660,8190,9720,11100,10700,9740,9610,9640,10700,11300,12500,13800,15100,14700,13700,14000,15100,14500,14700,15200,15500,15500,15900,16100,17000,17400,17400,18200,18800,18300,17400,17200,17200,17600,17800,18600,18900,18800,17400,17600,17100,16400,16200,16200,15600,15400,15000
Pakistan,302,313,319,338,355,382,393,404,422,433,469,459,450,469,472,478,488,492,515,518,553,577,594,614,624,649,663,684,714,727,737,752,788,780,787,804,819,804,801,808,820,828,829,856,900,937,970,994,988,993,987,993,1010,1030,1050,1080,1120,1160,1200,1190
Palau,,,,,,,,,,,,,,,,,,,,,,,,,,,,,,,,,,,,,,,,,9280,9730,9940,9570,10000,10500,10400,10800,10400,10000,10200,10800,11100,11000,11400,12600,12600,12100,12300,
Palestine,,,,,,,,,,,,,,,,,,,,,,,,,,,,,,,,,,,1900,1940,1880,2060,2300,2420,2160,1910,1630,1810,1950,2100,1970,2050,2110,2240,2350,2580,2680,2670,2600,2630,2690,2720,2680,
Panama,2140,2300,2420,2550,2580,2740,2860,3020,3140,3300,3430,3660,3720,3810,3800,3760,3730,3670,3930,4010,4430,4720,4860,4540,4560,4680,4740,4550,3860,3840,4060,4350,4610,4770,4800,4790,4880,5090,5360,5450,5490,5420,5440,5560,5870,6170,6590,7240,7810,7770,8080,8840,9540,10000,10400,10800,11100,11500,11800,11900
Papua New Guinea,1010,1060,1100,1130,1200,1290,1340,1360,1390,1470,1590,1650,1710,1770,1780,1720,1620,1590,1680,1670,1590,1540,1510,1510,1470,1490,1520,1520,1530,1470,1390,1490,1660,1920,1980,1870,1970,1850,1730,1720,1640,1610,1570,1570,1580,1650,1700,1780,1740,1810,1950,1930,1980,2010,2240,2400,2450,2490,2420,2510
Paraguay,1360,1420,1430,1460,1480,1530,1520,1610,1640,1680,1730,1780,1850,1940,2050,2140,2250,2440,2660,2900,3150,3350,3210,3020,3010,3060,3120,3260,3360,3500,3550,3580,3550,3630,3730,3900,3870,3940,3860,3730,3570,3470,3410,3490,3570,3590,3700,3850,4040,3970,4360,4480,4390,4700,4860,4940,5090,5270,5380,5310
Peru,2660,2780,2970,3010,3120,3200,3370,3400,3310,3330,3350,3410,3430,3550,3780,3840,3790,3710,3520,3570,3690,3800,3700,3240,3270,3270,3490,3750,3320,2850,2650,2650,2590,2670,2950,3110,3140,3280,3210,3200,3240,3220,3360,3460,3600,3800,4050,4360,4720,4730,5080,5360,5640,5920,6000,6110,6260,6310,6450,6490
Philippines,1100,1120,1140,1180,1180,1210,1220,1250,1270,1290,1310,1340,1370,1450,1460,1500,1590,1630,1670,1710,1750,1760,1780,1760,1590,1430,1440,1470,1530,1580,1590,1540,1510,1500,1530,1570,1620,1670,1620,1630,1670,1680,1710,1760,1840,1890,1960,2050,2110,2100,2220,2260,2380,2500,2610,2740,2890,3040,3190,3340
Poland,,,,,,,,,,,,,,,,,,,,,,,,,,,,,,,5950,5510,5630,5830,6120,6540,6930,7370,7710,8070,8530,8640,8820,9140,9610,9950,10600,11300,11800,12100,12600,13200,13400,13600,14100,14600,15100,15800,16700,17400
Portugal,4500,4710,4990,5260,5590,6030,6320,6840,7480,7710,8760,9380,10100,11300,11300,10400,10800,11200,11400,12000,12400,12500,12700,12600,12300,12600,13100,13900,15000,16000,16700,17400,17600,17300,17400,18100,18600,19400,20200,20900,21500,21800,21800,21500,21900,22000,22300,22800,22900,22100,22500,22100,21300,21300,21500,22000,22500,23400,24000,24600
Qatar,,,,,,,,,,,,,,,,,,,,,,,,,,,,,,,,,,,,,,,,,60800,60900,62600,61100,65900,61600,65800,65200,65000,63200,67400,69700,67600,66400,65600,65100,64300,63600,63300,62000
Romania,,,,,,,,,,,,,,,,,,,,,,,,,,,,,,,5380,4730,4350,4420,4600,4900,5110,4870,4780,4770,4900,5220,5620,5800,6440,6780,7370,8020,8910,8490,8210,8420,8630,8970,9310,9710,10200,11000,11600,12100
Russia,,,,,,,,,,,,,,,,,,,,,,,,,,,,,,9880,9570,9060,7740,7070,6180,5930,5710,5800,5510,5880,6490,6850,7210,7770,8360,8930,9690,10500,11100,10200,10700,11100,11600,11700,11600,11400,11400,11600,11800,12000
Rwanda,353,331,361,320,275,288,300,312,323,348,357,351,342,343,338,321,371,366,387,418,440,449,442,454,419,420,422,401,401,391,381,382,427,420,221,303,332,354,355,344,353,369,408,410,434,467,498,523,566,585,612,645,683,698,723,768,793,803,849,905
Samoa,,,,,,,,,,,,,,,,,,,,,,,2280,2270,2290,2370,2490,2490,2450,2530,2410,2340,2310,2380,2300,2430,2590,2590,2640,2680,2860,3040,3150,3270,3400,3520,3570,3770,3780,3580,3570,3690,3500,3460,3440,3560,3820,3850,3750,3860
San Marino,,,,,,,,,,,,,,,,,,,,,,,,,,,,,,,,,,,,,,53500,56900,61400,62000,64600,64000,65600,67700,68400,70100,74200,72900,64600,60200,54500,49900,48900,47900,48600,49500,49500,49900,
Sao Tome and Principe,,,,,,,,,,,,,,,,,,,,,,,,,,,,,,,,,,,,,,,,,,844,849,886,901,942,1000,1000,1060,1050,1090,1120,1130,1160,1210,1240,1260,1290,1300,1300
Saudi Arabia,,,,,,,,,14300,14500,22100,25500,29900,35400,39200,33900,38000,38700,34800,36800,36700,35200,26200,20600,18500,15800,17600,15700,17000,16300,18100,20200,20300,19500,19100,18700,18800,18700,18900,17800,18400,17700,16700,18000,18900,19400,19400,19200,19800,18900,19300,20600,21000,20900,21100,21400,21300,20700,20800,20500
Senegal,1360,1360,1330,1310,1330,1310,1310,1260,1300,1180,1240,1200,1240,1140,1150,1200,1280,1210,1140,1190,1120,1140,1200,1100,1110,1110,1110,1140,1100,1110,1070,1070,1050,1030,1000,1030,1020,1030,1070,1110,1120,1140,1120,1160,1200,1240,1240,1260,1280,1270,1280,1260,1290,1290,1340,1380,1430,1500,1550,1580
Serbia,,,,,,,,,,,,,,,,,,,,,,,,,,,,,,,,,,,,3060,3260,3500,3630,3300,3520,3770,4010,4200,4580,4850,5120,5470,5810,5670,5740,5900,5890,6090,6020,6160,6390,6560,6890,7210
Seychelles,2830,2620,2760,2970,3060,2960,3280,3220,3380,3300,3510,3990,4140,4440,4420,4460,5080,4670,5620,6450,6120,5550,5460,5370,5580,6150,6100,6100,6410,7080,7540,7650,8160,8490,8200,8010,8280,9160,9740,9730,9790,9560,9380,8930,8710,9450,10100,11100,10600,10500,10800,12000,12000,12500,12900,13200,13600,14000,14400,15000
Sierra Leone,373,374,385,385,404,426,426,419,420,447,477,484,478,479,486,484,471,462,462,473,485,488,500,479,487,449,442,459,415,408,415,422,342,348,343,316,321,300,303,291,302,273,330,345,352,354,357,376,387,390,402,418,470,555,568,441,458,467,473,488
Singapore,3500,3660,3830,4110,3880,4090,4390,4830,5400,6050,6790,7490,8330,9050,9440,9670,10300,10800,11500,12400,13500,14300,14700,15700,16800,16600,16900,18400,20000,21400,22600,23400,24200,26300,28300,29500,30400,31900,30100,31600,33900,32600,33600,35600,38600,40500,42800,44700,43200,42000,47200,49200,50100,51700,53100,54000,55000,57400,59100,58800
Slovak Republic,,,,,,,,,,,,,,,,,,,,,,,,,,,,,,,,,7700,7820,8270,8730,9290,9820,10200,10200,10300,10700,11200,11800,12400,13200,14400,15900,16800,15800,16700,17200,17500,17600,18000,18900,19300,19800,20600,21000
Slovenia,,,,,,,,,,,,,,,,,,,,,,,,,,,,,,,15500,14100,13400,13800,14500,15100,15600,16400,17000,17900,18500,19100,19700,20300,21200,21900,23100,24600,25400,23300,23500,23700,23000,22700,23300,23800,24600,25700,26700,27200
Solomon Islands,,,,,,,,,,,,,,,,,,,,,,,,,,,,,,,1300,1340,1470,1480,1570,1650,1630,1570,1550,1500,1250,1120,1060,1100,1130,1160,1210,1270,1330,1240,1290,1420,1450,1450,1450,1440,1450,1470,1480,1480
South Africa,4620,4690,4850,5080,5350,5530,5630,5880,5970,6090,6240,6340,6270,6390,6600,6540,6520,6360,6390,6470,6720,6900,6680,6380,6530,6280,6130,6110,6220,6230,6060,5850,5590,5520,5560,5620,5750,5790,5730,5780,5940,6020,6160,6270,6470,6730,7020,7300,7430,7220,7330,7450,7500,7560,7580,7560,7480,7480,7430,7350
South Korea,932,968,977,1040,1100,1160,1260,1350,1490,1670,1790,1940,2050,2310,2490,2640,2940,3250,3550,3800,3680,3880,4140,4630,5060,5400,5950,6640,7370,7810,8500,9320,9790,10400,11200,12200,13000,13700,12900,14300,15400,16000,17200,17600,18500,19200,20100,21200,21700,21700,23100,23800,24200,24900,25500,26100,26700,27500,28100,28600
South Sudan,,,,,,,,,,,,,,,,,,,,,,,,,,,,,,,,,,,,,,,,,,,,,,,,,1510,1510,1540,1420,742,820,832,731,,,,
Spain,7380,8170,8900,9670,10100,10600,11300,11600,12200,13200,13600,14000,15000,16000,16700,16600,17000,17300,17400,17200,17500,17300,17400,17700,17900,18300,18800,19800,20700,21700,22500,23000,23100,22800,23200,23700,24300,25100,26100,27100,28400,29300,29700,30000,30400,31000,31800,32300,32100,30600,30500,30100,29200,28900,29400,30500,31400,32300,32900,33300
Sri Lanka,,586,594,595,604,605,620,644,666,701,712,706,690,724,738,769,780,805,835,873,909,946,971,1000,1040,1080,1110,1110,1120,1130,1190,1230,1270,1340,1400,1470,1510,1600,1670,1730,1830,1780,1840,1930,2020,2130,2280,2410,2540,2610,2800,3010,3290,3370,3510,3650,3770,3860,3950,4010
St. Kitts and Nevis,,,,,,,,,,,,,,,,,,4300,4490,4860,5300,5420,5480,5570,6110,6680,7480,8050,8880,9430,9920,9700,10000,10600,11000,11500,12100,12800,12600,12900,14100,14700,14900,14200,14600,15800,15800,15700,16500,15700,15500,15700,15200,15800,16700,16700,17100,16600,16900,17200
St. Lucia,,,,,,,,,,,,,,,,,,3610,3930,4010,3870,4060,4090,4240,4480,4780,5370,5480,6120,6560,7090,7010,7480,7430,7470,7500,7620,7460,7820,7930,7850,7510,7480,7750,8240,8130,8530,8560,8860,8500,8540,8930,8860,8540,8650,8490,8790,9050,9240,9350
St. Vincent and the Grenadines,1750,1800,1850,1710,1760,1750,1730,1550,1640,1670,1830,1860,2320,2040,1840,1680,1830,2050,2230,2290,2320,2410,2490,2530,2680,2820,2960,2950,3350,3380,3510,3540,3750,3910,3860,4160,4220,4370,4550,4680,4750,4830,5130,5510,5730,5860,6310,6530,6640,6510,6290,6260,6340,6450,6510,6580,6690,6730,6850,6850
Sudan,876,854,889,840,808,839,786,775,767,755,776,770,709,692,747,837,946,972,884,812,797,827,847,835,768,698,715,795,772,819,755,791,821,837,823,850,876,943,957,960,993,1030,1060,1120,1130,1180,1260,1370,1440,1440,1400,1590,1750,1780,1780,1830,1870,1900,1810,1720
Suriname,3340,3400,3440,3540,3670,4000,4640,5060,5310,5440,5520,5720,5700,5650,5720,5920,6460,7130,7590,7530,6850,7330,7010,6710,6540,6600,6550,6030,6370,6500,6090,6130,6040,5540,5640,5550,5530,5770,5830,5680,5730,5900,5990,6290,6750,6970,7290,7570,7800,7940,8260,8640,8770,8930,8860,8460,7910,7970,8100,7970
Sweden,18100,19000,19700,20600,21900,22500,22700,23300,24000,25100,26700,26700,27300,28300,29100,29700,29900,29400,29800,30900,31300,31400,31800,32400,33700,34400,35200,36300,37100,37800,37800,37100,36500,35500,36600,37900,38400,39600,41200,43000,44900,45500,46300,47200,49100,50300,52300,53700,53100,50300,52900,54100,53400,53600,54500,56300,56800,57500,57900,58000
Switzerland,,,,,,,,,,,49600,51300,52600,53800,54300,50300,49900,51300,51500,52700,54900,55500,54400,54500,56000,57800,58500,59100,60600,62700,64300,63000,62200,61600,61900,61800,61800,63100,64800,65600,67800,68300,67900,67400,68800,70500,72800,75100,75800,73200,74600,75000,75000,75500,76400,76600,77000,77700,79200,79400
Tajikistan,,,,,,,,,,,,,,,,,,,,,,,,,,1380,1380,1320,1460,1320,1280,1170,813,669,518,447,367,368,381,390,415,448,488,532,576,603,633,669,707,719,750,787,827,868,904,936,976,1020,1070,1120
Tanzania,,,,,,,,,,,,,,,,,,,,,,,,,,,,,494,497,516,509,495,484,477,479,488,493,500,512,522,540,562,583,610,637,660,685,704,720,743,777,788,817,846,872,904,937,959,985
Thailand,571,584,609,639,662,695,750,790,830,859,929,947,960,1030,1050,1070,1140,1230,1320,1360,1400,1460,1510,1560,1620,1670,1730,1860,2070,2280,2500,2690,2870,3080,3300,3530,3690,3550,3240,3350,3460,3540,3730,3970,4190,4340,4530,4750,4800,4740,5080,5090,5440,5560,5590,5740,5920,6140,6370,6500
Timor-Leste,,,,,,,,,,,,,,,,,,,,,,,,,,,,,,,,,,,,,,,,,641,732,667,635,622,625,587,635,694,750,806,838,873,876,899,909,923,871,848,860
Togo,375,416,427,444,498,559,589,594,595,631,622,602,630,638,654,655,627,657,713,659,733,686,638,581,591,603,592,577,597,604,587,570,535,445,501,526,557,617,584,580,559,548,554,577,557,517,517,497,503,517,534,553,574,593,612,631,649,661,677,696
Tonga,,,,,,,,,,,,,,,,,,,,,,2210,2300,2350,2390,2540,2590,2660,2600,2610,2550,2700,2710,2800,2940,3040,3030,3010,3080,3190,3280,3380,3480,3530,3500,3530,3470,3300,3370,3430,3550,3670,3730,3650,3750,3900,4020,4090,4050,
Trinidad and Tobago,4010,4480,4530,4710,5010,5000,5160,5230,5470,5580,5730,5720,5980,5990,6130,6130,6430,6920,7510,7670,8350,8590,8770,7740,7190,6810,6510,6160,5870,5780,5820,5970,6530,6450,6650,6870,7340,7880,8510,9180,9790,10200,10900,12400,13400,14100,15900,16600,17100,16200,16700,16500,16600,16900,16600,16800,15700,15300,15200,15100
Tunisia,,,,,,1110,1130,1110,1190,1220,1250,1360,1560,1520,1600,1680,1770,1790,1860,1940,2030,2080,2010,2050,2100,2160,2080,2170,2120,2110,2220,2260,2380,2390,2420,2430,2560,2670,2760,2900,3000,3090,3100,3230,3400,3490,3640,3840,3970,4040,4140,4020,4140,4220,4300,4310,4310,4340,4410,4410
Turkey,3180,3130,3230,3440,3540,3560,3860,3950,4120,4190,4220,4350,4560,4600,4740,4970,5360,5420,5380,5230,4990,5110,5170,5310,5540,5660,5940,6380,6400,6310,6770,6710,6930,7340,6890,7320,7730,8190,8240,7840,8240,7630,8000,8330,9010,9690,10300,10600,10600,9980,10700,11700,12000,12800,13300,13900,14100,14900,15100,15000
Turkmenistan,,,,,,,,,,,,,,,,,,,,,,,,,,,,2790,3020,2820,3710,3440,2850,2810,2260,2050,2150,1880,1980,2280,2380,2460,2440,2500,2590,2900,3180,3490,3950,4130,4440,5010,5460,5910,6400,6690,6990,7320,7650,
Tuvalu,,,,,,,,,,,,,,,,,,,,,,,,,,,,,,,2410,2460,2510,2590,2830,2680,2510,2760,3190,3130,3090,3110,3310,3160,3070,2920,2950,3100,3320,3140,3020,3220,3060,3170,3180,3430,3490,3590,3640,3940
Uganda,,,,,,,,,,,,,,,,,,,,,,,401,411,396,371,359,361,377,387,398,406,406,426,439,475,503,513,523,549,549,560,590,609,630,649,696,732,771,797,816,865,870,872,886,900,910,910,931,957
Ukraine,,,,,,,,,,,,,,,,,,,,,,,,,,,,4020,4110,4240,3970,3620,3260,2800,2170,1920,1740,1700,1690,1700,1820,2010,2130,2350,2660,2760,2980,3230,3320,2840,2970,3140,3150,3160,3120,2830,2900,2990,3110,3220
United Arab Emirates,,,,,,,,,,,,,,,,104000,104000,109000,94700,103000,116000,113000,99300,89700,88600,80900,65000,63400,58100,61600,68800,65500,63900,61100,61800,62700,63100,64900,61800,60300,63300,60900,59200,60400,60300,56100,53300,47300,42500,36000,33900,34600,35400,37000,38500,40200,41000,41500,41300,41400
United Kingdom,13900,14200,14200,14800,15500,15800,15900,16300,17100,17300,17900,18500,19200,20400,19900,19600,20200,20700,21600,22300,21900,21700,22100,23100,23500,24500,25200,26500,27900,28600,28700,28300,28300,29000,30000,30700,31400,32500,33600,34600,35700,36600,37300,38300,39000,40000,40800,41500,41000,39000,39400,39700,40000,40600,41400,42000,42500,43000,43300,43700
United States,17600,17700,18500,19000,19800,20800,21900,22200,23100,23600,23200,23700,24600,25800,25400,25100,26200,27200,28400,28900,28600,29000,28200,29300,31100,32100,32900,33800,34900,35800,36100,35500,36300,36800,37800,38400,39400,40600,41900,43400,44700,44700,45100,46000,47300,48500,49400,49900,49300,47600,48500,48900,49600,50200,51000,52100,52600,53400,54700,55700
Uruguay,5470,5540,5380,5330,5400,5400,5500,5250,5300,5570,5670,5640,5560,5570,5730,6070,6280,6340,6630,7000,7360,7420,6650,5930,5830,5870,6350,6820,6870,6900,6880,7070,7580,7720,8220,8050,8430,9090,9440,9210,9000,8640,7970,8040,8450,9080,9440,10000,10700,11200,12000,12600,13000,13500,13900,13900,14100,14400,14600,14600
Uzbekistan,,,,,,,,,,,,,,,,,,,,,,,,,,,,1140,1210,1220,1200,1170,1010,969,901,876,874,903,927,956,979,1010,1030,1070,1130,1200,1270,1370,1470,1560,1630,1710,1810,1920,2030,2140,2230,2290,2370,2460
Vanuatu,,,,,,,,,,,,,,,,,,,,2400,2070,2100,2270,2530,2710,2680,2610,2480,2380,2360,2570,2570,2560,2510,2660,2630,2630,2710,2780,2740,2840,2680,2480,2520,2560,2630,2780,2860,2970,2990,2970,2920,2890,2870,2850,2780,2800,2850,2860,2870
Venezuela,12500,12400,13000,13000,14000,14100,13800,13800,14300,14000,14600,14300,14100,14700,14600,14600,15200,15700,15700,15300,14300,13800,13200,12400,12200,11900,12400,12500,12900,11500,12000,12800,13300,13000,12500,12700,12400,12900,12700,11700,11900,12100,10800,9830,11400,12400,13400,14400,14900,14200,13800,14200,14700,14700,14000,,,,,
Vietnam,,,,,,,,,,,,,,,,,,,,,,,,,378,383,385,390,401,421,433,450,478,507,542,583,628,670,700,724,765,804,847,897,955,1020,1080,1150,1200,1250,1320,1390,1440,1510,1580,1670,1750,1850,1960,2080
Yemen,,,,,,,,,,,,,,,,,,,,,,,,,,,,,,,1000,1010,1040,1030,1050,1060,1070,1090,1120,1130,1170,1180,1190,1200,1210,1240,1250,1250,1260,1270,1330,1130,1130,1150,1120,785,694,643,633,
Zambia,1500,1470,1390,1400,1520,1720,1570,1650,1620,1560,1580,1530,1610,1550,1590,1500,1540,1420,1380,1300,1290,1330,1250,1180,1140,1120,1090,1090,1120,1080,1040,1020,975,1020,907,910,941,951,921,938,949,973,991,1030,1080,1130,1180,1250,1310,1390,1490,1530,1590,1620,1640,1640,1650,1660,1680,1660
Zimbabwe,995,1020,1000,1030,985,999,981,1030,1010,1100,1310,1370,1440,1420,1460,1390,1350,1220,1150,1150,1270,1380,1360,1340,1260,1300,1280,1250,1310,1330,1390,1430,1270,1270,1360,1350,1470,1490,1520,1500,1450,1460,1330,1100,1030,971,932,890,726,803,948,1070,1220,1230,1230,1230,1220,1260,1310,1180
